city,archived,author,author_created_utc,author_flair_background_color,author_flair_css_class,author_flair_richtext,author_flair_template_id,author_flair_text,author_flair_text_color,author_flair_type,author_fullname,author_patreon_flair,body,can_gild,can_mod_post,collapsed,collapsed_reason,controversiality,created_utc,distinguished,edited,gilded,gildings,id,is_submitter,link_id,no_follow,parent_id,permalink,removal_reason,retrieved_on,score,send_replies,stickied,subreddit,subreddit_id,subreddit_name_prefixed,subreddit_type
Philadelphia,False,dmead,1163994146,,,[],,,,text,t2_rm0y,False,i came here to find you. glad you showed up,True,False,False,,0,1541030404,,False,0,"{""gid_1"":0,""gid_2"":0,""gid_3"":0}",e8tkiaz,False,t3_9sz1ux,True,t1_e8sgj7u,/r/philadelphia/comments/9sz1ux/phillyarea_media_chain_tells_readers_dont_vote/e8tkiaz/,,1544848336,2,True,False,philadelphia,t5_2qh24,r/philadelphia,public
Philadelphia,False,Haz3rd,1283377920,,text,"[{""e"":""text"",""t"":""South Philly""}]",,South Philly,dark,richtext,t2_4azkf,False,trying so hard,True,False,False,,0,1541030586,,False,0,"{""gid_1"":0,""gid_2"":0,""gid_3"":0}",e8tkowl,False,t3_9szrne,True,t1_e8tekrl,/r/philadelphia/comments/9szrne/whether_democrats_win_the_house_could_come_down/e8tkowl/,,1544848416,2,True,False,philadelphia,t5_2qh24,r/philadelphia,public
Philadelphia,False,ShockTopMat,1462933924,,,[],,,,text,t2_xuec5,False,"Obviously the wrong sub to post this pic on since everyone is being a jerk off, sweet outfit OP, if you had to explain it then are they really true Eagles fans? Go Birds! ",True,False,False,,0,1541030614,,False,0,"{""gid_1"":0,""gid_2"":0,""gid_3"":0}",e8tkpwf,False,t3_9szft3,True,t3_9szft3,/r/philadelphia/comments/9szft3/as_a_high_school_teacher_in_the_philly_public/e8tkpwf/,,1544848429,3,True,False,philadelphia,t5_2qh24,r/philadelphia,public
Philadelphia,False,[deleted],,,,,,,dark,,,,[deleted],False,False,False,,1,1541030637,,1542522071,0,"{""gid_1"":0,""gid_2"":0,""gid_3"":0}",e8tkqpe,False,t3_9szft3,True,t1_e8skuhe,/r/philadelphia/comments/9szft3/as_a_high_school_teacher_in_the_philly_public/e8tkqpe/,,1544848439,1,True,False,philadelphia,t5_2qh24,r/philadelphia,public
Philadelphia,False,Haz3rd,1283377920,,text,"[{""e"":""text"",""t"":""South Philly""}]",,South Philly,dark,richtext,t2_4azkf,False,It would take like 3 seconds to figure out. Looks like its 1 or two houses from the corner of whatever street that is,True,False,False,,0,1541030652,,False,0,"{""gid_1"":0,""gid_2"":0,""gid_3"":0}",e8tkr7i,False,t3_9t11uh,False,t1_e8td1ak,/r/philadelphia/comments/9t11uh/your_fishtown_passive_aggressive_pick_up_your/e8tkr7i/,,1544848445,4,True,False,philadelphia,t5_2qh24,r/philadelphia,public
Philadelphia,False,CatchMeWritinQWERTY,1395935973,,,[],,,,text,t2_fvlwy,False,"What’s up with his mouth, is that part of an autopsy or something? Looks like he choked on dentures",True,False,False,,0,1541030657,,False,0,"{""gid_1"":0,""gid_2"":0,""gid_3"":0}",e8tkrek,False,t3_9t2m4e,False,t3_9t2m4e,/r/philadelphia/comments/9t2m4e/man_found_dead_in_philadelphia_needs_to_be/e8tkrek/,,1544848448,5,True,False,philadelphia,t5_2qh24,r/philadelphia,public
Philadelphia,False,ShockTopMat,1462933924,,,[],,,,text,t2_xuec5,False,You must be fun at gatherings ,True,False,False,,0,1541030686,,False,0,"{""gid_1"":0,""gid_2"":0,""gid_3"":0}",e8tksgh,False,t3_9szft3,True,t1_e8sswn5,/r/philadelphia/comments/9szft3/as_a_high_school_teacher_in_the_philly_public/e8tksgh/,,1544848460,1,True,False,philadelphia,t5_2qh24,r/philadelphia,public
Philadelphia,False,adickofthe7kingdoms,1506284568,,,[],,,,text,t2_ey05c5n,False,This happened right up the block from my house. The detectives were going around trying the car clicker just to see if his car was parked in the area.,True,False,False,,0,1541030690,,False,0,"{""gid_1"":0,""gid_2"":0,""gid_3"":0}",e8tksm3,False,t3_9t2m4e,False,t3_9t2m4e,/r/philadelphia/comments/9t2m4e/man_found_dead_in_philadelphia_needs_to_be/e8tksm3/,,1544848462,3,True,False,philadelphia,t5_2qh24,r/philadelphia,public
Philadelphia,False,[deleted],,,,,,,dark,,,,[deleted],True,False,False,,0,1541030735,,1541612227,0,"{""gid_1"":0,""gid_2"":0,""gid_3"":0}",e8tku69,False,t3_9szrne,True,t1_e8tkowl,/r/philadelphia/comments/9szrne/whether_democrats_win_the_house_could_come_down/e8tku69/,,1544848482,0,True,False,philadelphia,t5_2qh24,r/philadelphia,public
Philadelphia,False,TheGangsHeavy,1333940229,,,[],,,,text,t2_7ecid,False,"I did, but you either didn’t read them or you need to work on your reading comprehension skills. I hear go dogs go is a good place to start for someone at your level. ",True,False,False,,0,1541030750,,False,0,"{""gid_1"":0,""gid_2"":0,""gid_3"":0}",e8tkuox,False,t3_9sz1ux,True,t1_e8tjqr4,/r/philadelphia/comments/9sz1ux/phillyarea_media_chain_tells_readers_dont_vote/e8tkuox/,,1544848488,1,True,False,philadelphia,t5_2qh24,r/philadelphia,public
Philadelphia,False,[deleted],,,,,,,dark,,,,[deleted],False,False,False,,0,1541030751,,1542522061,0,"{""gid_1"":0,""gid_2"":0,""gid_3"":0}",e8tkuqv,False,t3_9szft3,True,t1_e8ssic2,/r/philadelphia/comments/9szft3/as_a_high_school_teacher_in_the_philly_public/e8tkuqv/,,1544848488,2,True,False,philadelphia,t5_2qh24,r/philadelphia,public
Philadelphia,False,FitchMike26,1400441207,,,[],,,,text,t2_gmatn,False,"Looking forward to it! Just to let you know, the event starts at 6 but there's usually only a few people until 7-7:30.

The crowd is largest between 8:30-10 PM.

Come anytime you'd like.",True,False,False,,0,1541030850,,False,0,"{""gid_1"":0,""gid_2"":0,""gid_3"":0}",e8tky6q,True,t3_9t2062,True,t1_e8thrsy,/r/philadelphia/comments/9t2062/thursday_night_reddits_weekly_happy_hour_w_4/e8tky6q/,,1544848531,2,True,False,philadelphia,t5_2qh24,r/philadelphia,public
Philadelphia,False,catherinecornelius,1405098836,,,[],,,,text,t2_hcvwn,False,Loved this!,True,False,False,,0,1541030901,,False,0,"{""gid_1"":0,""gid_2"":0,""gid_3"":0}",e8tl01j,False,t3_9t0qkt,True,t3_9t0qkt,/r/philadelphia/comments/9t0qkt/we_dressed_up_as_news_reporters_for_halloween_and/e8tl01j/,,1544848554,2,True,False,philadelphia,t5_2qh24,r/philadelphia,public
Philadelphia,False,Nub_Zur,1429547110,,text,"[{""e"":""text"",""t"":""Obliterate the PPA""}]",62944dfc-ffe1-11e0-881b-12313d096aae,Obliterate the PPA,dark,richtext,t2_n0ul3,False,Gritty just waiting on the sideline for when K-West finally starts sporting that confederate flag hat. ,True,False,False,,0,1541030964,,False,0,"{""gid_1"":0,""gid_2"":0,""gid_3"":0}",e8tl2b1,False,t3_9t3t6x,False,t3_9t3t6x,/r/philadelphia/comments/9t3t6x/gritty_lookin_a_little_thirsty/e8tl2b1/,,1544848582,25,True,False,philadelphia,t5_2qh24,r/philadelphia,public
Philadelphia,False,Ayexcracker,1367731038,,,[],,,,text,t2_bkdhn,False,I'm in South Philly and I've had like 20 🙃 ,True,False,False,,0,1541031041,,False,0,"{""gid_1"":0,""gid_2"":0,""gid_3"":0}",e8tl51d,False,t3_9t25ji,False,t1_e8t6rka,/r/philadelphia/comments/9t25ji/what_part_of_the_city_do_you_live_in_and_are_you/e8tl51d/,,1544848615,3,True,False,philadelphia,t5_2qh24,r/philadelphia,public
Philadelphia,False,Nub_Zur,1429547110,,text,"[{""e"":""text"",""t"":""Obliterate the PPA""}]",62944dfc-ffe1-11e0-881b-12313d096aae,Obliterate the PPA,dark,richtext,t2_n0ul3,False,They might have a leak in the sidwalk and not know it.,True,False,False,,0,1541031050,,False,0,"{""gid_1"":0,""gid_2"":0,""gid_3"":0}",e8tl5cy,False,t3_9t37vy,True,t3_9t37vy,/r/philadelphia/comments/9t37vy/your_north_philly_church_sign_of_the_day/e8tl5cy/,,1544848620,2,True,False,philadelphia,t5_2qh24,r/philadelphia,public
Philadelphia,False,sirpogo,1298418308,,text,"[{""e"":""text"",""t"":""John Kruk's lost nut""}]",,John Kruk's lost nut,dark,richtext,t2_4vmtu,False,Yeah. That made me sad. Must be coming in from /r/all.,True,False,False,,0,1541031100,,False,0,"{""gid_1"":0,""gid_2"":0,""gid_3"":0}",e8tl752,False,t3_9szft3,True,t1_e8t2moc,/r/philadelphia/comments/9szft3/as_a_high_school_teacher_in_the_philly_public/e8tl752/,,1544848641,2,True,False,philadelphia,t5_2qh24,r/philadelphia,public
Philadelphia,False,JohnnyWesHardin,1483837264,,,[],,,,text,t2_148pgw,False,Between liberty ilera and keystone these guys better have decent prices because the location isn’t doing them any favors. Get out of here with those $65 eights is all I’m saying,True,False,False,,0,1541031142,,False,0,"{""gid_1"":0,""gid_2"":0,""gid_3"":0}",e8tl8lq,False,t3_9t3s35,False,t3_9t3s35,/r/philadelphia/comments/9t3s35/two_new_marijuana_dispensaries_open_friday_in/e8tl8lq/,,1544848660,5,True,False,philadelphia,t5_2qh24,r/philadelphia,public
Philadelphia,False,Ayexcracker,1367731038,,,[],,,,text,t2_bkdhn,False,"Worst case scenario, can you afford to board him? Giving him up over a two week period seems cruel",True,False,False,,0,1541031201,,False,0,"{""gid_1"":0,""gid_2"":0,""gid_3"":0}",e8tlaq6,False,t3_9t4fg6,False,t3_9t4fg6,/r/philadelphia/comments/9t4fg6/staying_with_some_friends_for_2_weeks_while_new/e8tlaq6/,,1544848685,7,True,False,philadelphia,t5_2qh24,r/philadelphia,public
Philadelphia,False,Letsko,1443523703,,,[],,,,text,t2_qt74m,False,"Google cat boarding, cat hotel, cat lodging, cat kennel... or ask a friend or make a post on r/phillylist 

This is a super common service for when people go on vacation",True,False,False,,0,1541031248,,1541032098,0,"{""gid_1"":0,""gid_2"":0,""gid_3"":0}",e8tlcaz,False,t3_9t4fg6,False,t3_9t4fg6,/r/philadelphia/comments/9t4fg6/staying_with_some_friends_for_2_weeks_while_new/e8tlcaz/,,1544848705,8,True,False,philadelphia,t5_2qh24,r/philadelphia,public
Philadelphia,False,Nub_Zur,1429547110,,text,"[{""e"":""text"",""t"":""Obliterate the PPA""}]",62944dfc-ffe1-11e0-881b-12313d096aae,Obliterate the PPA,dark,richtext,t2_n0ul3,False,"I mean the Philly Taco is as old school Philly as Midtown Village, The Philly Special and ""East"" Kensington! ",True,False,False,,0,1541031341,,False,0,"{""gid_1"":0,""gid_2"":0,""gid_3"":0}",e8tlfnv,False,t3_9t30d6,True,t1_e8tgmz3,/r/philadelphia/comments/9t30d6/a_bad_cheesesteak_wrapped_in_subpar_pizza_go_home/e8tlfnv/,,1544848746,7,True,False,philadelphia,t5_2qh24,r/philadelphia,public
Philadelphia,False,Slowtrainz,1516030907,,,[],,,,text,t2_s4q1fcj,False,"I was just out in the NE with some family and had a great time. Lots of people out, everyone was in good spirits ",True,False,False,,0,1541031347,,False,0,"{""gid_1"":0,""gid_2"":0,""gid_3"":0}",e8tlfvl,False,t3_9t25ji,False,t3_9t25ji,/r/philadelphia/comments/9t25ji/what_part_of_the_city_do_you_live_in_and_are_you/e8tlfvl/,,1544848749,3,True,False,philadelphia,t5_2qh24,r/philadelphia,public
Philadelphia,False,demonlag,1395854653,,,[],,,,text,t2_fv3ur,False,"Probably for the best, gives me some time to limber up and stretch before I do a lot of extroverting.",True,False,False,,0,1541031358,,False,0,"{""gid_1"":0,""gid_2"":0,""gid_3"":0}",e8tlg9j,False,t3_9t2062,False,t1_e8tky6q,/r/philadelphia/comments/9t2062/thursday_night_reddits_weekly_happy_hour_w_4/e8tlg9j/,,1544848754,6,True,False,philadelphia,t5_2qh24,r/philadelphia,public
Philadelphia,False,Nub_Zur,1429547110,,text,"[{""e"":""text"",""t"":""Obliterate the PPA""}]",62944dfc-ffe1-11e0-881b-12313d096aae,Obliterate the PPA,dark,richtext,t2_n0ul3,False,So no then.,True,False,False,,1,1541031362,,False,0,"{""gid_1"":0,""gid_2"":0,""gid_3"":0}",e8tlgdu,False,t3_9t30d6,True,t1_e8tcn35,/r/philadelphia/comments/9t30d6/a_bad_cheesesteak_wrapped_in_subpar_pizza_go_home/e8tlgdu/,,1544848755,-4,True,False,philadelphia,t5_2qh24,r/philadelphia,public
Philadelphia,False,Nub_Zur,1429547110,,text,"[{""e"":""text"",""t"":""Obliterate the PPA""}]",62944dfc-ffe1-11e0-881b-12313d096aae,Obliterate the PPA,dark,richtext,t2_n0ul3,False,"bro, lern to make bread. Then it's good again. ",True,False,False,,0,1541031433,,False,0,"{""gid_1"":0,""gid_2"":0,""gid_3"":0}",e8tlj0z,False,t3_9t30d6,True,t1_e8td4cq,/r/philadelphia/comments/9t30d6/a_bad_cheesesteak_wrapped_in_subpar_pizza_go_home/e8tlj0z/,,1544848788,2,True,False,philadelphia,t5_2qh24,r/philadelphia,public
Philadelphia,False,[deleted],,,,,,,dark,,,,[deleted],True,False,False,,0,1541031528,,1543354172,0,"{""gid_1"":0,""gid_2"":0,""gid_3"":0}",e8tlmgu,False,t3_9t11uh,True,t1_e8ta4p3,/r/philadelphia/comments/9t11uh/your_fishtown_passive_aggressive_pick_up_your/e8tlmgu/,,1544848830,4,True,False,philadelphia,t5_2qh24,r/philadelphia,public
Philadelphia,False,rewzz,1485473918,,,[],,,,text,t2_14t6hx,False,"I’m at a bar in the suburbs, and a guy is dressed like this, and he’s with a girl dressed as the trophy (sparkly dress and silver football on her head). Great couples costume. ",True,False,False,,0,1541031535,,False,0,"{""gid_1"":0,""gid_2"":0,""gid_3"":0}",e8tlmqx,False,t3_9szft3,True,t3_9szft3,/r/philadelphia/comments/9szft3/as_a_high_school_teacher_in_the_philly_public/e8tlmqx/,,1544848833,10,True,False,philadelphia,t5_2qh24,r/philadelphia,public
Philadelphia,False,IntoTheMirror,1284433533,,text,"[{""e"":""text"",""t"":""recovering dirtball ""}]",,recovering dirtball ,dark,richtext,t2_4c9xi,False,"I have this irrational fear that if I don’t pick up after my dog, some offended yabo is going to pick it up and smear it all over my face. 

So yeah public shaming is Gucci ",True,False,False,,0,1541031776,,False,0,"{""gid_1"":0,""gid_2"":0,""gid_3"":0}",e8tlvcw,False,t3_9t11uh,True,t3_9t11uh,/r/philadelphia/comments/9t11uh/your_fishtown_passive_aggressive_pick_up_your/e8tlvcw/,,1544848940,1,True,False,philadelphia,t5_2qh24,r/philadelphia,public
Philadelphia,False,napsdufroid,1486309467,,,[],,,,text,t2_153ntn,False,Even heard of zoom? No way that shit-leaving asshole would be able to figure out a thing.,True,False,False,,0,1541031893,,False,0,"{""gid_1"":0,""gid_2"":0,""gid_3"":0}",e8tlzgb,False,t3_9t11uh,True,t1_e8tkr7i,/r/philadelphia/comments/9t11uh/your_fishtown_passive_aggressive_pick_up_your/e8tlzgb/,,1544848990,1,True,False,philadelphia,t5_2qh24,r/philadelphia,public
Philadelphia,False,napsdufroid,1486309467,,,[],,,,text,t2_153ntn,False,"Now, see, that was fucking dumb.",True,False,False,,0,1541031921,,False,0,"{""gid_1"":0,""gid_2"":0,""gid_3"":0}",e8tm0fa,False,t3_9t11uh,False,t1_e8tlmgu,/r/philadelphia/comments/9t11uh/your_fishtown_passive_aggressive_pick_up_your/e8tm0fa/,,1544849002,5,True,False,philadelphia,t5_2qh24,r/philadelphia,public
Philadelphia,False,FrontierPartyUSA,1497459827,,,[],,,,text,t2_42dfita,False,Pretty sure they went away because they got too cray cray leaving room for the Republicans to grab a foothold. ,True,False,False,,0,1541032069,,False,0,"{""gid_1"":0,""gid_2"":0,""gid_3"":0}",e8tm5qe,False,t3_9sz1ux,True,t1_e8szkkl,/r/philadelphia/comments/9sz1ux/phillyarea_media_chain_tells_readers_dont_vote/e8tm5qe/,,1544849067,2,True,False,philadelphia,t5_2qh24,r/philadelphia,public
Philadelphia,False,FrontierPartyUSA,1497459827,,,[],,,,text,t2_42dfita,False,Hasn’t it? Imagine what it would look like if Republicans ran the place. ,True,False,False,,1,1541032114,,False,0,"{""gid_1"":0,""gid_2"":0,""gid_3"":0}",e8tm7bt,False,t3_9sz1ux,False,t1_e8srrm2,/r/philadelphia/comments/9sz1ux/phillyarea_media_chain_tells_readers_dont_vote/e8tm7bt/,,1544849087,4,True,False,philadelphia,t5_2qh24,r/philadelphia,public
Philadelphia,False,[deleted],,,,,,,dark,,,,[deleted],True,False,False,,0,1541032302,,1541032609,0,"{""gid_1"":0,""gid_2"":0,""gid_3"":0}",e8tmdun,False,t3_9sfshn,True,t1_e8prb27,/r/philadelphia/comments/9sfshn/im_bringing_back_maps_with_the_best_one_yet_the/e8tmdun/,,1544849167,1,True,False,philadelphia,t5_2qh24,r/philadelphia,public
Philadelphia,False,lyonsnlambs,1413908734,,,[],,,,text,t2_iz63m,False,well that only took 7 friggin years,True,False,False,,0,1541032409,,False,0,"{""gid_1"":0,""gid_2"":0,""gid_3"":0}",e8tmhn2,False,t3_9t23z5,False,t3_9t23z5,/r/philadelphia/comments/9t23z5/state_rep_vanessa_brown_guilty_on_all_counts_took/e8tmhn2/,,1544849214,13,True,False,philadelphia,t5_2qh24,r/philadelphia,public
Philadelphia,False,bestnottosay,1261170351,,text,"[{""e"":""text"",""t"":""Dickinson Square West""}]",,Dickinson Square West,dark,richtext,t2_3s39h,False,No argument from me,True,False,False,,0,1541032461,,False,0,"{""gid_1"":0,""gid_2"":0,""gid_3"":0}",e8tmjgd,False,t3_9sz1ux,False,t1_e8tjpt7,/r/philadelphia/comments/9sz1ux/phillyarea_media_chain_tells_readers_dont_vote/e8tmjgd/,,1544849238,5,True,False,philadelphia,t5_2qh24,r/philadelphia,public
Philadelphia,False,ijustwannabegandalf,1484272082,,,[],,,,text,t2_14e3a6,False,"So, I have no idea if this is still the case BUT

I grew up in East Falls in eighties and nineties. It was a pretty racially divided community block by block. My block used to hold a ""costume parade"" that was invitation only (astonishingly, invitation flyers only got left at white houses) a few days before Halloween, and on the actual 31st nobody gave out candy except newcomers, my family and some of our immediate neighbors. We didn't participate in what my dad called ""bigots' Halloween"" and usually gave out candy for a few hours on the 31st to our African-American neighbors and then went to trick or treat with friends in Roxborough, since our whole block would be dark and locked.

Obviously this was twenty years ago, and may only have been true in my precise sixish square blocks. But I don't know if it means there's not the same tradition of Halloween there.",True,False,False,,0,1541032505,,False,0,"{""gid_1"":0,""gid_2"":0,""gid_3"":0}",e8tml0d,False,t3_9t25ji,True,t3_9t25ji,/r/philadelphia/comments/9t25ji/what_part_of_the_city_do_you_live_in_and_are_you/e8tml0d/,,1544849260,3,True,False,philadelphia,t5_2qh24,r/philadelphia,public
Philadelphia,False,decaturbadass,1356918204,,,[],,,,text,t2_a1uof,False,What up Tank ,True,False,False,,0,1541032571,,False,0,"{""gid_1"":0,""gid_2"":0,""gid_3"":0}",e8tmncd,False,t3_9szft3,True,t1_e8t5edy,/r/philadelphia/comments/9szft3/as_a_high_school_teacher_in_the_philly_public/e8tmncd/,,1544849288,1,True,False,philadelphia,t5_2qh24,r/philadelphia,public
Philadelphia,False,EditErase,1376191217,,,[],,,,text,t2_cpm9o,False,Sacrifice this for Gritty!,True,False,False,,0,1541032573,,False,0,"{""gid_1"":0,""gid_2"":0,""gid_3"":0}",e8tmnej,False,t3_9t3n7i,True,t3_9t3n7i,/r/philadelphia/comments/9t3n7i/its_a_gritty_holloween/e8tmnej/,,1544849289,1,True,False,philadelphia,t5_2qh24,r/philadelphia,public
