subreddit,week_start,raw_post_count,relevant_post_count,weighted_signal
Delaware,2018-01-01,5,0,0.0008914441335945801
Delaware,2018-01-08,1,0,0.0006737727089785
Delaware,2018-01-29,2,0,0.0007839327445253
Delaware,2018-02-12,3,1,0.3335195922021133
Delaware,2018-02-19,2,0,0.0033157714060507502
Delaware,2018-02-26,8,5,0.6258065656147664
Delaware,2018-03-05,1,0,0.0008047789451666
Delaware,2018-03-12,4,2,0.5001813681155909
Delaware,2018-03-19,5,0,0.0007225946290418
Delaware,2018-03-26,2,0,0.0006416697287931501
Delaware,2018-04-09,2,0,0.0009044280741362999
Delaware,2018-04-16,2,0,0.0007446437084581
Delaware,2018-04-23,7,0,0.0012240729743747427
Delaware,2018-04-30,4,1,0.24963123956695196
Delaware,2018-05-07,3,0,0.0006723469317269333
Delaware,2018-05-14,1,0,0.0006255249027162
Delaware,2018-05-21,1,0,0.000911186565645
Delaware,2018-05-28,2,0,0.0007075064058880501
Delaware,2018-06-11,2,0,0.0008269560348708
Delaware,2018-06-18,2,0,0.000645605410682
Delaware,2018-06-25,3,0,0.0006892699166200666
Delaware,2018-07-02,2,0,0.00065913543221535
Delaware,2018-07-16,2,0,0.0006291802856139
Delaware,2018-07-23,2,0,0.0007186116708907499
Delaware,2018-07-30,2,0,0.0006003483140375
Delaware,2018-08-06,3,0,0.0007405934350874999
Delaware,2018-08-13,2,0,0.0009249846625607001
Delaware,2018-08-20,2,0,0.0008536705863662
Delaware,2018-08-27,4,0,0.000729524967027775
Delaware,2018-09-03,8,0,0.0007496108592021751
Delaware,2018-09-10,2,0,0.00073394048376935
Delaware,2018-09-17,1,0,0.0009966547368094
Delaware,2018-09-24,2,0,0.0016539953066966998
Delaware,2018-10-01,1,0,0.0012137966696172
Delaware,2018-10-08,5,0,0.00071924825897434
Delaware,2018-10-15,1,0,0.00060918770032
Delaware,2018-10-22,2,0,0.00217005319427695
Delaware,2018-11-05,2,0,0.00092586377286345
Delaware,2018-11-12,7,1,0.14345017699192142
Delaware,2018-11-19,9,0,0.0007717779565912444
Delaware,2018-12-03,4,0,0.001830473484005725
Delaware,2018-12-17,1,0,0.0007217563688755
Virginia,2018-01-08,2,0,0.0005985824973322
Virginia,2018-01-29,4,0,0.00067155834403815
Virginia,2018-02-12,1,1,0.9896816611289978
Virginia,2018-03-26,1,0,0.0005993241793476
Virginia,2018-04-16,1,0,0.0009167153621092
Virginia,2018-04-30,2,0,0.0006586908129975
Virginia,2018-05-28,2,0,0.00080097178579305
Virginia,2018-06-04,1,0,0.0006524547934532
Virginia,2018-06-11,6,0,0.0007041019950216667
Virginia,2018-07-02,4,0,0.00076520693255585
Virginia,2018-07-09,2,0,0.0006715823838020999
Virginia,2018-07-16,1,0,0.0006172939320094
Virginia,2018-07-23,1,0,0.0006584476213902
Virginia,2018-07-30,2,0,0.0006368966132868
Virginia,2018-08-06,1,0,0.0008967983303591
Virginia,2018-08-13,1,0,0.0007662934949621
Virginia,2018-08-20,6,0,0.0008383270081442667
Virginia,2018-08-27,1,0,0.0006524069467559
Virginia,2018-09-10,1,0,0.000632558716461
Virginia,2018-09-17,1,0,0.0005798949277959
Virginia,2018-09-24,1,0,0.0009006363106891
Virginia,2018-10-01,1,0,0.0007746982155367
Virginia,2018-10-08,4,0,0.00082096815458495
Virginia,2018-10-15,1,0,0.0007648570463061
Virginia,2018-10-22,4,0,0.0006673031020909251
Virginia,2018-10-29,4,0,0.0010153422917937248
Virginia,2018-11-05,4,0,0.000948175889789075
Virginia,2018-11-12,2,0,0.0006461300363298
Virginia,2018-12-10,2,0,0.0006693369359708999
Virginia,2018-12-17,2,0,0.00061539959278885
Virginia,2018-12-24,3,0,0.0006321638744945
WestVirginia,2018-01-08,2,0,0.00209033043938685
WestVirginia,2018-01-29,2,0,0.0006999938632361
WestVirginia,2018-02-05,2,0,0.00064561108592895
WestVirginia,2018-02-19,8,0,0.0006225003889994125
WestVirginia,2018-02-26,6,0,0.0010012801600774999
WestVirginia,2018-03-05,4,0,0.0009312093025072999
WestVirginia,2018-04-02,2,0,0.0006693378963972499
WestVirginia,2018-04-09,3,0,0.0006716889329254333
WestVirginia,2018-04-16,4,0,0.00066808632982425
WestVirginia,2018-04-30,2,0,0.0007110575679689
WestVirginia,2018-05-07,1,0,0.0010441177291795
WestVirginia,2018-05-14,1,0,0.0006697144708596
WestVirginia,2018-05-21,1,0,0.0006197429611347
WestVirginia,2018-06-04,2,0,0.0006471916567534
WestVirginia,2018-07-02,1,0,0.0005825306870974
WestVirginia,2018-07-09,3,0,0.0006150849706803334
WestVirginia,2018-07-23,2,0,0.0006459135038312
WestVirginia,2018-07-30,4,0,0.0007333729590754501
WestVirginia,2018-08-06,3,0,0.0011843025567940665
WestVirginia,2018-08-13,3,1,0.33333856001263484
WestVirginia,2018-08-20,1,0,0.0012808972969651
WestVirginia,2018-08-27,1,0,0.0025148666463792
WestVirginia,2018-09-03,2,0,0.00070479989517475
WestVirginia,2018-09-10,10,0,0.0007572201371658001
WestVirginia,2018-09-17,4,0,0.00124337432498575
WestVirginia,2018-09-24,8,0,0.0008377813501283
WestVirginia,2018-10-01,2,0,0.0006709955632686
WestVirginia,2018-10-15,3,0,0.005902005049089533
WestVirginia,2018-10-22,4,0,0.000700469507137275
WestVirginia,2018-10-29,4,0,0.0006552300037583
WestVirginia,2018-11-19,1,0,0.0005947099998593
WestVirginia,2018-11-26,1,0,0.0010489103151485
WestVirginia,2018-12-10,1,0,0.0009589845431037
WestVirginia,2018-12-17,1,0,0.0006359771941788
WestVirginia,2018-12-24,3,0,0.0006292012403718666
baltimore,2018-01-01,7,0,0.0006896580453030143
baltimore,2018-01-08,7,0,0.0010826917132362285
baltimore,2018-01-15,4,0,0.0007013737049419
baltimore,2018-01-22,4,1,0.24985844831098794
baltimore,2018-01-29,10,0,0.00074121518991881
baltimore,2018-02-05,9,1,0.1114426621416997
baltimore,2018-02-12,9,0,0.0011992653663683668
baltimore,2018-02-19,9,1,0.11156922098275063
baltimore,2018-02-26,10,1,0.1002851326134987
baltimore,2018-03-05,7,0,0.0009305956690305714
baltimore,2018-03-12,3,0,0.0014601530274375666
baltimore,2018-03-19,8,0,0.0007628883904544251
baltimore,2018-03-26,14,1,0.07185836113889565
baltimore,2018-04-02,9,1,0.11124164769555334
baltimore,2018-04-09,5,0,0.0007170811877585601
baltimore,2018-04-16,9,0,0.0006679670574763889
baltimore,2018-04-23,2,0,0.0007030644919723
baltimore,2018-04-30,7,0,0.0006619440807428144
baltimore,2018-05-07,15,0,0.0008186933584510667
baltimore,2018-05-14,5,0,0.00070230686105784
baltimore,2018-05-21,13,0,0.0007013900098032308
baltimore,2018-05-28,4,0,0.00064518857107025
baltimore,2018-06-04,2,0,0.00098778292885975
baltimore,2018-06-11,4,0,0.00065305957105005
baltimore,2018-06-18,4,0,0.0010651418997440001
baltimore,2018-06-25,5,0,0.00104481703601774
baltimore,2018-07-02,4,0,0.1248579832463292
baltimore,2018-07-09,4,0,0.000668965454678925
baltimore,2018-07-16,9,0,0.0008525518480584444
baltimore,2018-07-23,8,0,0.0008326214519911
baltimore,2018-07-30,8,0,0.0006654901735600375
baltimore,2018-08-06,8,0,0.0007887984975240625
baltimore,2018-08-13,10,0,0.0008501150878145701
baltimore,2018-08-20,10,0,0.00105035001179198
baltimore,2018-08-27,8,0,0.0007707868717261125
baltimore,2018-09-03,11,0,0.0006765317785637818
baltimore,2018-09-10,7,0,0.0006575191676217
baltimore,2018-09-17,6,0,0.0006299617719680667
baltimore,2018-09-24,10,1,0.1003232726710848
baltimore,2018-10-01,8,0,0.001044117219862475
baltimore,2018-10-08,7,0,0.0011412383589360713
baltimore,2018-10-15,10,1,0.08613100638031022
baltimore,2018-10-22,9,0,0.0014387232949956777
baltimore,2018-10-29,11,0,0.0007427520150402909
baltimore,2018-11-05,4,0,0.00086953167919995
baltimore,2018-11-12,8,0,0.0007876858144299625
baltimore,2018-11-19,3,0,0.0007841156523985
baltimore,2018-11-26,8,0,0.0009758279338711375
baltimore,2018-12-03,7,0,0.0015333672802495713
baltimore,2018-12-10,11,0,0.0008015425992197819
baltimore,2018-12-17,12,0,0.0006368007210160584
baltimore,2018-12-24,3,0,0.0007760137668810667
nova,2018-01-01,18,3,0.16792292707315123
nova,2018-01-15,6,0,0.0014688236891136333
nova,2018-01-22,4,0,0.0009932610264513
nova,2018-01-29,14,7,0.4986599417128933
nova,2018-02-05,12,0,0.0006836603909808166
nova,2018-02-12,8,0,0.0006947568836039499
nova,2018-02-19,12,0,0.0007673054788028332
nova,2018-02-26,29,2,0.06866128631498146
nova,2018-03-05,6,0,0.0006411908931719167
nova,2018-03-12,1,0,0.0005857654032297
nova,2018-03-19,4,0,0.001541347126476425
nova,2018-03-26,10,0,0.00072969131288114
nova,2018-04-02,8,0,0.00076841869304185
nova,2018-04-09,8,0,0.0007201964908744625
nova,2018-04-16,9,0,0.0007670491985562333
nova,2018-04-23,14,0,0.0007175603989577643
nova,2018-04-30,10,0,0.0007084020529873299
nova,2018-05-07,6,0,0.0006001535706066334
nova,2018-05-14,9,0,0.0008727318943581112
nova,2018-05-21,9,0,0.0007848415019300556
nova,2018-05-28,9,0,0.0011170583570168666
nova,2018-06-04,5,0,0.0005713547696359
nova,2018-06-11,11,0,0.0006228092242963182
nova,2018-06-18,22,0,0.0006302155855915455
nova,2018-06-25,10,0,0.000822438171599
nova,2018-07-02,9,1,0.11166629709380985
nova,2018-07-09,4,0,0.0007518008787883
nova,2018-07-16,19,0,0.008555644476712677
nova,2018-07-23,7,0,0.0007597151312178286
nova,2018-07-30,3,0,0.0006485186750068666
nova,2018-08-06,9,0,0.0011499585105209222
nova,2018-08-13,6,0,0.0007484883923703999
nova,2018-08-20,30,2,0.0679384928371291
nova,2018-08-27,17,2,0.12106921431704366
nova,2018-09-03,12,0,0.001107347493719575
nova,2018-09-10,7,1,0.14319075416174848
nova,2018-09-17,29,2,0.052124414402301006
nova,2018-09-24,5,0,0.0008299251552670601
nova,2018-10-01,21,0,0.000718651317237338
nova,2018-10-08,9,1,0.11151671939296642
nova,2018-10-15,10,0,0.00079766495618965
nova,2018-10-22,18,0,0.0007847123844031167
nova,2018-10-29,13,0,0.0007950484689969385
nova,2018-11-05,10,0,0.00066571839270177
nova,2018-11-12,10,0,0.00081833797157737
nova,2018-11-19,8,0,0.0009110648679779374
nova,2018-11-26,17,0,0.0008769511717699883
nova,2018-12-03,12,0,0.0008203623680552584
nova,2018-12-10,25,0,0.000676494021899944
nova,2018-12-17,2,0,0.00058951033861375
nova,2018-12-24,3,0,0.0005976810934953
philadelphia,2018-01-01,9,2,0.22244643789923021
philadelphia,2018-01-08,84,45,0.5354941929191617
philadelphia,2018-01-15,22,3,0.12691838757812296
philadelphia,2018-01-22,19,0,0.0007579561145240421
philadelphia,2018-01-29,35,5,0.13709402936011816
philadelphia,2018-02-05,22,2,0.09159510026008565
philadelphia,2018-02-12,33,3,0.0918331263872625
philadelphia,2018-02-19,27,4,0.1494919262390963
philadelphia,2018-02-26,14,0,0.0011001068425164785
philadelphia,2018-03-05,29,4,0.13838085288519097
philadelphia,2018-03-12,39,1,0.026832236524802617
philadelphia,2018-03-19,27,0,0.0007057780274879334
philadelphia,2018-03-26,17,2,0.11826012150713185
philadelphia,2018-04-02,18,3,0.16693437040602369
philadelphia,2018-04-09,14,0,0.0008315400420022356
philadelphia,2018-04-16,40,0,0.000834707530157125
philadelphia,2018-04-23,13,0,0.0007455200897170846
philadelphia,2018-04-30,10,0,0.00080912716221059
philadelphia,2018-05-07,27,1,0.037760529585217105
philadelphia,2018-05-14,11,0,0.0010169536108150636
philadelphia,2018-05-21,20,2,0.10065255358640568
philadelphia,2018-05-28,19,0,0.022140361276749274
philadelphia,2018-06-04,15,2,0.13390016123885287
philadelphia,2018-06-11,22,0,0.0008788328665435136
philadelphia,2018-06-18,12,0,0.0008855105940407333
philadelphia,2018-06-25,30,1,0.033981459880790925
philadelphia,2018-07-02,7,0,0.0010985398049731857
philadelphia,2018-07-09,16,0,0.0007784283116051875
philadelphia,2018-07-16,31,0,0.0008030717426369774
philadelphia,2018-07-23,15,0,0.0006553701280305333
philadelphia,2018-07-30,30,0,0.0008058165141846433
philadelphia,2018-08-06,24,0,0.0008038963957611626
philadelphia,2018-08-13,13,0,0.0009475294814014693
philadelphia,2018-08-20,17,0,0.0009108620613593705
philadelphia,2018-08-27,21,0,0.0010987687357035618
philadelphia,2018-09-03,20,1,0.05105434730940028
philadelphia,2018-09-10,31,1,0.032950839384519
philadelphia,2018-09-17,36,3,0.08460505807953364
philadelphia,2018-09-24,23,5,0.2176034897591149
philadelphia,2018-10-01,28,0,0.0008116600157725785
philadelphia,2018-10-08,34,0,0.001457384017104341
philadelphia,2018-10-15,18,0,0.0006969801648260667
philadelphia,2018-10-22,19,1,0.048280867233284154
philadelphia,2018-10-29,26,2,0.0760965141794608
philadelphia,2018-11-05,3,0,0.0009439228063759333
philadelphia,2018-11-19,1,0,0.0007392716943286
philadelphia,2018-11-26,3,0,0.0008356151132223001
philadelphia,2018-12-03,4,0,0.000757935878937075
philadelphia,2018-12-10,20,0,0.00095617422193748
philadelphia,2018-12-17,26,6,0.23078875189038134
philadelphia,2018-12-24,10,0,0.0009186686424072201
philadelphia,2018-12-31,3,0,0.0007987345452420334
pittsburgh,2018-01-01,7,1,0.13558532326715064
pittsburgh,2018-01-08,8,1,0.13522825216932682
pittsburgh,2018-01-15,5,2,0.39952444640221074
pittsburgh,2018-01-22,2,0,0.00086120099877
pittsburgh,2018-01-29,26,0,0.0007534896789225654
pittsburgh,2018-02-05,20,1,0.06082424065098162
pittsburgh,2018-02-12,12,0,0.016844229724180527
pittsburgh,2018-02-19,14,4,0.3181368796919872
pittsburgh,2018-02-26,14,0,0.0007581350218969858
pittsburgh,2018-03-05,3,0,0.000728182028979
pittsburgh,2018-03-12,12,1,0.06948862263622378
pittsburgh,2018-03-19,7,0,0.0009868685738183144
pittsburgh,2018-03-26,2,0,0.00124670739751305
pittsburgh,2018-04-02,5,0,0.0008115409291349001
pittsburgh,2018-04-09,14,1,0.07710352196175199
pittsburgh,2018-04-16,9,0,0.0012824360423514
pittsburgh,2018-04-23,11,0,0.0016436120918528001
pittsburgh,2018-04-30,17,1,0.06399948777877447
pittsburgh,2018-05-07,16,1,0.06477236655337032
pittsburgh,2018-05-14,13,0,0.0007080533586513616
pittsburgh,2018-05-21,11,0,0.0009928488606502
pittsburgh,2018-05-28,6,1,0.13602802739478642
pittsburgh,2018-06-04,10,1,0.09855628971708935
pittsburgh,2018-06-11,30,4,0.13242350955260912
pittsburgh,2018-06-18,20,0,0.0008785205689491149
pittsburgh,2018-06-25,10,0,0.00074548952397885
pittsburgh,2018-07-02,5,0,0.00254263373790304
pittsburgh,2018-07-09,14,0,0.0053300729944436645
pittsburgh,2018-07-16,14,0,0.0008652762834181857
pittsburgh,2018-07-23,15,0,0.0012980557822932267
pittsburgh,2018-07-30,15,0,0.0011534493144911534
pittsburgh,2018-08-06,8,0,0.00245466820342695
pittsburgh,2018-08-13,9,0,0.001072704087063211
pittsburgh,2018-08-20,12,1,0.08388710644794624
pittsburgh,2018-08-27,14,5,0.37681623287997873
pittsburgh,2018-09-03,16,3,0.17418327363338898
pittsburgh,2018-09-10,9,0,0.0014502643736906667
pittsburgh,2018-09-17,13,3,0.2296822862341426
pittsburgh,2018-09-24,8,0,0.00089564392692405
pittsburgh,2018-10-01,7,0,0.0007114423122921572
pittsburgh,2018-10-08,22,0,0.003009966516401577
pittsburgh,2018-10-15,19,2,0.1209528090395523
pittsburgh,2018-10-22,21,2,0.09504875548217175
pittsburgh,2018-10-29,21,0,0.0007575581437863143
pittsburgh,2018-11-05,8,0,0.0007392509214695875
pittsburgh,2018-11-12,12,0,0.0009032139011347749
pittsburgh,2018-11-19,7,1,0.14516440176937193
pittsburgh,2018-11-26,7,0,0.0007417186695549571
pittsburgh,2018-12-03,13,0,0.0009798488463274692
pittsburgh,2018-12-10,9,0,0.0008954887679363555
pittsburgh,2018-12-17,9,0,0.0007030301041797111
pittsburgh,2018-12-24,6,0,0.0011088067064216499
washingtondc,2018-01-01,5,0,0.0027384076733141596
washingtondc,2018-01-08,6,0,0.0007596725384549
washingtondc,2018-01-15,8,1,0.13825186226313232
washingtondc,2018-01-22,11,2,0.1820756272910247
washingtondc,2018-01-29,18,7,0.3788343706983141
washingtondc,2018-02-05,10,3,0.29975639131153003
washingtondc,2018-02-12,22,1,0.04602044090543953
washingtondc,2018-02-19,18,4,0.21083786421028583
washingtondc,2018-02-26,22,0,0.0008240627648774045
washingtondc,2018-03-05,26,0,0.0017067099419923422
washingtondc,2018-03-12,9,0,0.0012015933752990888
washingtondc,2018-03-19,16,1,0.06314014580129874
washingtondc,2018-03-26,8,1,0.11280544409237332
washingtondc,2018-04-02,18,1,0.05609467175155357
washingtondc,2018-04-09,10,1,0.10033762053935784
washingtondc,2018-04-16,18,1,0.05630455891756955
washingtondc,2018-04-23,23,2,0.08681354844568132
washingtondc,2018-04-30,13,0,0.0011285517382650077
washingtondc,2018-05-07,15,1,0.06758455695041139
washingtondc,2018-05-14,15,0,0.0007306050043552801
washingtondc,2018-05-21,2,0,0.0006359328981488501
washingtondc,2018-05-28,4,0,0.0032013877789722252
washingtondc,2018-06-04,14,1,0.07185852161741677
washingtondc,2018-06-11,10,1,0.10038859779597256
washingtondc,2018-06-18,16,0,0.0009000810132419625
washingtondc,2018-06-25,7,0,0.000682352742712357
washingtondc,2018-07-02,8,0,0.006796155917982063
washingtondc,2018-07-09,22,1,0.046765060489468054
washingtondc,2018-07-16,10,1,0.10271792960702437
washingtondc,2018-07-23,7,0,0.0006869331700726857
washingtondc,2018-07-30,10,0,0.00536737986258226
washingtondc,2018-08-06,6,0,0.0007098517671692666
washingtondc,2018-08-13,11,2,0.23272688516987144
washingtondc,2018-08-20,9,0,0.0008541450046726557
washingtondc,2018-08-27,10,0,0.00096262447768816
washingtondc,2018-09-03,14,0,0.0006340062495187572
washingtondc,2018-09-10,16,0,0.0012100115127395312
washingtondc,2018-09-17,12,1,0.0838759380712872
washingtondc,2018-09-24,13,0,0.0037243742934570923
washingtondc,2018-10-01,26,0,0.0007431178438799153
washingtondc,2018-10-08,10,1,0.13222306677489537
washingtondc,2018-10-15,17,2,0.11821351071942923
washingtondc,2018-10-22,22,0,0.0007589118825059682
washingtondc,2018-10-29,28,2,0.06470085451396045
washingtondc,2018-11-05,11,0,0.0008631813054141909
washingtondc,2018-11-12,17,0,0.0009661631056052412
washingtondc,2018-11-19,12,6,0.4991696334327571
washingtondc,2018-11-26,5,0,0.00069684401387344
washingtondc,2018-12-03,17,0,0.000713620362255447
washingtondc,2018-12-10,32,2,0.06293825763896162
washingtondc,2018-12-17,19,2,0.10526177145565219
washingtondc,2018-12-24,1,0,0.0014622212620452
washingtondc,2018-12-31,1,0,0.0006941225146874
